{"moie_emp_coverage": 0.9588301275393627, "moie_acc": 0.8556759098786828, "moie_auroc": 0.9091473265278588, "moie_aurpc": 0.7727941705462159, "moie_recall": 0.8556759098786828, "moie_bb_acc": 0.859055459272097, "moie_bb_auroc": 0.9106868883304005, "moie_bb_aurpc": 0.7752236073588735, "moie_bb_recall": 0.859055459272097, "moie_r_acc": 0.86074529516846, "moie_r_auroc": 0.9127341091124952, "moie_r_aurpc": 0.7718373836917357, "moie_r_recall": 0.86074529516846, "moie_r_bb_acc": 0.8640687964770886, "moie_r_bb_auroc": 0.9145241291247233, "moie_r_bb_aurpc": 0.7740953160410069, "moie_r_bb_recall": 0.8640687964770886}