,epoch_id,epoch_duration,train_loss,val_loss,train_acc,val_acc,val_auroc,val_aurpc,best_epoch_id,arr_best_auroc
0,1,30.96305799484253,6.332132927894592,11.273687672411274,68.60000000000001,69.31464174454828,0.7059732954909034,0.5467533008226293,1,0.7059732954909034
